{
    "cpeterm1": ["FNDMATH", "BASCHEM", "BASPHYS", "FNDSTAT", "NSTP101", "GE00001"],
    "cpeterm2": ["CALENG1", "COEDISC", "PROLOGI", "LBYCPA1", "LBYEC2A", "NSTP001", "GE00002", "GE00003", "GE00004"],
    "cpeterm3": ["ENGPHYS", "LBYPH1A", "CALENG2", "LBYEC2B", "LBYCPEI","NSTP002", "GE00005", "GE00006", "GE00007", "LCLSONE", "SAS1000", "LASARE1"],
    "cpeterm4": ["CALENG3", "DATSRAL", "LBYCPA2", "DISCRMT", "FUNDCKT", "LBYEC2M", "ENGCHEM", "LBYCH1A", "PE1CRDO"],
    "cpeterm5": ["ENGDATA", "NUMMETS", "FUNDLEC", "LBYCPC2", "SOFDESG", "LBYCPD2", "ENGENVI", "PE2FTEX", "SAS2000"],
    "cpeterm6": ["LCLSTWO", "LASARE2", "MXSIGFN", "LOGDSGN", "LBYCPC3", "LBYME1C", "GE00008", "PETHREE"],
    "cpeterm7": ["GE00009", "MICPROS", "LBYCPA3", "LBYCPB3", "LBYEC3B", "LBYCPF2", "DIGDACM", "PETHFOUR", "LBYCPG2"],
    "cpeterm8": ["CSYSARC", "LBYCPD3", "EMBDSYS", "LBYCPM3", "LBYCPG3", "REMETHS", "OPESSYS", "LBYCPO1", "GE000010"],
    "cpeterm9": ["LCLSTRI", "LASARE3", "DSIGPRO", "LBYCPA4", "OCHESAF", "THSCP4A", "CPEPRAC", "LBYCPF3", "GE000011"],
    "cpeterm10": ["EMERTEC", "THSCP4B", "ENGTREP", "CONETSC", "LBYCPB4", "CPECAPS", "CPECOG2", "LBYCPH3", "SAS3000", "GE000012"],
    "cpeterm11": ["PRCGECP"],
    "cpeterm12": ["THSCP4C", "CPECOG3", "LBYCPC4", "CPETRIP", "ECNOMIC", "ENGMANA", "GE000013", "GE000014", "GE000015"],
    "course_units": {
        "FNDMATH": 5,
        "BASCHEM": 3,
        "BASPHYS": 3,
        "FNDSTAT": 3,
        "NSTP101": 0,
        "GE00001": 3,
        "CALENG1": 3,
        "COEDISC": 1,
        "PROLOGI": 2,
        "LBYCPA1": 2,
        "LBYEC2A": 1,
        "NSTP001": 0,
        "GE00002": 3,
        "GE00003": 3,
        "GE00004": 3,
        "ENGPHYS": 3,
        "LBYPH1A": 1,
        "CALENG2": 3,
        "LBYEC2B": 1,
        "LBYCPEI": 2,
        "NSTP002": 0,
        "GE00005": 3,
        "GE00006": 3,
        "GE00007": 3,
        "LCLSONE": 1,
        "SAS1000": 0,
        "LASARE1": 0,
        "CALENG3": 3,
        "DATSRAL": 1,
        "LBYCPA2": 2,
        "DISCRMT": 3,
        "FUNDCKT": 3,
        "LBYEC2M": 1,
        "ENGCHEM": 3,
        "LBYCH1A": 1,
        "PE1CRDO": 2,
        "ENGDATA": 3,
        "NUMMETS": 3,
        "FUNDLEC": 3,
        "LBYCPC2": 1,
        "SOFDESG": 3,
        "LBYCPD2": 1,
        "ENGENVI": 3,
        "PE2FTEX": 2,
        "SAS2000": 0,
        "LCLSTWO": 1,
        "LASARE2": 0,
        "MXSIGFN": 3,
        "LOGDSGN": 3,
        "LBYCPC3": 1,
        "LBYME1C": 2,
        "GE00008": 3,
        "PETHREE": 2,
        "GE00009": 3,
        "MICPROS": 3,
        "LBYCPA3": 1,
        "LBYCPB3": 1,
        "LBYEC3B": 1,
        "LBYCPF2": 1,
        "DIGDACM": 3,
        "PETHFOUR": 2,
        "LBYCPG2": 1,
        "CSYSARC": 3,
        "LBYCPD3": 1,
        "EMBDSYS": 3,
        "LBYCPM3": 1,
        "LBYCPG3": 1,
        "REMETHS": 3,
        "OPESSYS": 3,
        "LBYCPO1": 1,
        "GE000010": 3,
        "LCLSTRI": 1,
        "LASARE3": 0,
        "DSIGPRO": 3,
        "LBYCPA4": 1,
        "OCHESAF": 3,
        "THSCP4A": 1,
        "CPEPRAC": 2,
        "LBYCPF3": 1,
        "GE000011": 3,
        "EMERTEC": 3,
        "THSCP4B": 1,
        "ENGTREP": 3,
        "CONETSC": 3,
        "LBYCPB4": 1,
        "CPECAPS": 1,
        "CPECOG2": 2,
        "LBYCPH3": 1,
        "SAS3000": 0,
        "GE000012": 3,
        "PRCGECP": 3,
        "THSCP4C": 1,
        "CPECOG3": 2,
        "LBYCPC4": 1,
        "CPETRIP": 1,
        "ECNOMIC": 3,
        "ENGMANA": 2,
        "GE000013": 3,
        "GE000014": 3,
        "GE000015": 3,
        "GELITPH": 3,
        "LCFILIA": 3,
        "LCFILIB": 3,
        "GEARTAP": 3,
        "GEETHIC": 3,
        "GEMATMW": 3,
        "GEPCOMM": 3,
        "GERIZAL": 3,
        "GERPHIS": 3,
        "GESTSOC": 3,
        "GEUSELF": 3,
        "GEWORLD": 3,
        "LCASEAN": 3,
        "LCENWRD": 3,
        "LCFAITH": 3,
        "LCFILIC": 3,
        "GELITWO": 3,
        "IMAWRIT": 3,
        "NSTPRO1": 3,
        "NSTPRO2": 3,
        "NSTPCW1": 3,
        "NSTPCW2": 3,
        "NSTPLT1": 3,
        "NSTPLT2": 3
    }
    
}